Workbook

Sheet 说明与范围
A1: 说明与范围 仓库盘点统一时点核对
A2: 先填黄色输入，核齐同一范围的真实业务流水，再读时点桥接。示例为合成教学，不是客户/Coze输出。固定kg，不与件/箱混算；缺资料填待核，不填猜测数字。
A5: 底表快照时点 | B5: 46296 | D5: 范围必须同时固定商品、批次、库位、货主、状态和单位。实际发生时间与入账状态分开记录；底表已含的业务不得再加一次。
A6: 统一比较时点T0 | B6: 46296.333
A7: 实点完成时点 | B7: 46296.354
A8: 底表快照数量 kg | B8: 200
A9: 实点数量 kg | B9: 195
A10: 窗口流水完整性 | B10: 已核齐 | D10: 不能停仓时，对每个范围记录实点时刻，并用T0之后至实点之间的入出流水回推。流水不能补齐、跨批或变更状态说不清，就停在待核，或隔离该区域重盘。
A11: 范围ID | B11: S1
A12: 商品 | B12: 苹果原料A
A13: 批次 | B13: LOT1
A14: 库位 | B14: R01
A15: 货主 | B15: 自有 | D15: 已核齐是人工证据判断，不是模板证明。公式只检查已填写字段的一致性，不能发现所有漏单，也不自动批准损耗、财务分录或系统调整。
A16: 库存状态 | B16: 可用
A17: 固定单位 | B17: kg
A20: 教学事件：旧快照200，T0前入60/出40。08:30实点195，T0后出15。T0应有220，实物回推210，差异-10；拿旧快照直接比会误算+10。

Sheet 业务流水
A1: 业务流水 仓库盘点统一时点核对
A2: 只登记快照之后至实点时点之间、同一范围的实际业务。转入记入，转出记出，一笔只选一个方向；已在快照内的业务不要重复。空白不等于0库存。
A5: 流水ID | B5: 实际发生时间 | C5: 范围ID | D5: 入 kg | E5: 出 kg | F5: 入账状态 | G5: 单据号 | H5: 证据确认 | I5: 行核验
A6: M001 | B6: 46296.312 | C6: S1 | D6: 60 | E6: 0 | F6: 已入账 | G6: RCV001 | H6: 已核 | I6: =IF(COUNTA(A6:H6)=0,"",IF(OR(A6="",NOT(ISNUMBER(B6)),B6<=说明与范围!$B$5,B6>说明与范围!$B$7,C6<>说明与范围!$B$11,NOT(ISNUMBER(D6)),NOT(ISNUMBER(E6)),D6<0,E6<0,AND(D6>0,E6>0),AND(F6<>"已入账",F6<>"未入账"),G6="",H6<>"已核",COUNTIF($A$6:$A$35,A6)>1),"待核","通过")) -> 通过
A7: M002 | B7: 46296.323 | C7: S1 | D7: 0 | E7: 40 | F7: 已入账 | G7: ISS001 | H7: 已核 | I7: =IF(COUNTA(A7:H7)=0,"",IF(OR(A7="",NOT(ISNUMBER(B7)),B7<=说明与范围!$B$5,B7>说明与范围!$B$7,C7<>说明与范围!$B$11,NOT(ISNUMBER(D7)),NOT(ISNUMBER(E7)),D7<0,E7<0,AND(D7>0,E7>0),AND(F7<>"已入账",F7<>"未入账"),G7="",H7<>"已核",COUNTIF($A$6:$A$35,A7)>1),"待核","通过")) -> 通过
A8: M003 | B8: 46296.34 | C8: S1 | D8: 0 | E8: 15 | F8: 已入账 | G8: ISS002 | H8: 已核 | I8: =IF(COUNTA(A8:H8)=0,"",IF(OR(A8="",NOT(ISNUMBER(B8)),B8<=说明与范围!$B$5,B8>说明与范围!$B$7,C8<>说明与范围!$B$11,NOT(ISNUMBER(D8)),NOT(ISNUMBER(E8)),D8<0,E8<0,AND(D8>0,E8>0),AND(F8<>"已入账",F8<>"未入账"),G8="",H8<>"已核",COUNTIF($A$6:$A$35,A8)>1),"待核","通过")) -> 通过
I9: =IF(COUNTA(A9:H9)=0,"",IF(OR(A9="",NOT(ISNUMBER(B9)),B9<=说明与范围!$B$5,B9>说明与范围!$B$7,C9<>说明与范围!$B$11,NOT(ISNUMBER(D9)),NOT(ISNUMBER(E9)),D9<0,E9<0,AND(D9>0,E9>0),AND(F9<>"已入账",F9<>"未入账"),G9="",H9<>"已核",COUNTIF($A$6:$A$35,A9)>1),"待核","通过"))
I10: =IF(COUNTA(A10:H10)=0,"",IF(OR(A10="",NOT(ISNUMBER(B10)),B10<=说明与范围!$B$5,B10>说明与范围!$B$7,C10<>说明与范围!$B$11,NOT(ISNUMBER(D10)),NOT(ISNUMBER(E10)),D10<0,E10<0,AND(D10>0,E10>0),AND(F10<>"已入账",F10<>"未入账"),G10="",H10<>"已核",COUNTIF($A$6:$A$35,A10)>1),"待核","通过"))
I11: =IF(COUNTA(A11:H11)=0,"",IF(OR(A11="",NOT(ISNUMBER(B11)),B11<=说明与范围!$B$5,B11>说明与范围!$B$7,C11<>说明与范围!$B$11,NOT(ISNUMBER(D11)),NOT(ISNUMBER(E11)),D11<0,E11<0,AND(D11>0,E11>0),AND(F11<>"已入账",F11<>"未入账"),G11="",H11<>"已核",COUNTIF($A$6:$A$35,A11)>1),"待核","通过"))
I12: =IF(COUNTA(A12:H12)=0,"",IF(OR(A12="",NOT(ISNUMBER(B12)),B12<=说明与范围!$B$5,B12>说明与范围!$B$7,C12<>说明与范围!$B$11,NOT(ISNUMBER(D12)),NOT(ISNUMBER(E12)),D12<0,E12<0,AND(D12>0,E12>0),AND(F12<>"已入账",F12<>"未入账"),G12="",H12<>"已核",COUNTIF($A$6:$A$35,A12)>1),"待核","通过"))
I13: =IF(COUNTA(A13:H13)=0,"",IF(OR(A13="",NOT(ISNUMBER(B13)),B13<=说明与范围!$B$5,B13>说明与范围!$B$7,C13<>说明与范围!$B$11,NOT(ISNUMBER(D13)),NOT(ISNUMBER(E13)),D13<0,E13<0,AND(D13>0,E13>0),AND(F13<>"已入账",F13<>"未入账"),G13="",H13<>"已核",COUNTIF($A$6:$A$35,A13)>1),"待核","通过"))
I14: =IF(COUNTA(A14:H14)=0,"",IF(OR(A14="",NOT(ISNUMBER(B14)),B14<=说明与范围!$B$5,B14>说明与范围!$B$7,C14<>说明与范围!$B$11,NOT(ISNUMBER(D14)),NOT(ISNUMBER(E14)),D14<0,E14<0,AND(D14>0,E14>0),AND(F14<>"已入账",F14<>"未入账"),G14="",H14<>"已核",COUNTIF($A$6:$A$35,A14)>1),"待核","通过"))
I15: =IF(COUNTA(A15:H15)=0,"",IF(OR(A15="",NOT(ISNUMBER(B15)),B15<=说明与范围!$B$5,B15>说明与范围!$B$7,C15<>说明与范围!$B$11,NOT(ISNUMBER(D15)),NOT(ISNUMBER(E15)),D15<0,E15<0,AND(D15>0,E15>0),AND(F15<>"已入账",F15<>"未入账"),G15="",H15<>"已核",COUNTIF($A$6:$A$35,A15)>1),"待核","通过"))
I16: =IF(COUNTA(A16:H16)=0,"",IF(OR(A16="",NOT(ISNUMBER(B16)),B16<=说明与范围!$B$5,B16>说明与范围!$B$7,C16<>说明与范围!$B$11,NOT(ISNUMBER(D16)),NOT(ISNUMBER(E16)),D16<0,E16<0,AND(D16>0,E16>0),AND(F16<>"已入账",F16<>"未入账"),G16="",H16<>"已核",COUNTIF($A$6:$A$35,A16)>1),"待核","通过"))
I17: =IF(COUNTA(A17:H17)=0,"",IF(OR(A17="",NOT(ISNUMBER(B17)),B17<=说明与范围!$B$5,B17>说明与范围!$B$7,C17<>说明与范围!$B$11,NOT(ISNUMBER(D17)),NOT(ISNUMBER(E17)),D17<0,E17<0,AND(D17>0,E17>0),AND(F17<>"已入账",F17<>"未入账"),G17="",H17<>"已核",COUNTIF($A$6:$A$35,A17)>1),"待核","通过"))
I18: =IF(COUNTA(A18:H18)=0,"",IF(OR(A18="",NOT(ISNUMBER(B18)),B18<=说明与范围!$B$5,B18>说明与范围!$B$7,C18<>说明与范围!$B$11,NOT(ISNUMBER(D18)),NOT(ISNUMBER(E18)),D18<0,E18<0,AND(D18>0,E18>0),AND(F18<>"已入账",F18<>"未入账"),G18="",H18<>"已核",COUNTIF($A$6:$A$35,A18)>1),"待核","通过"))
I19: =IF(COUNTA(A19:H19)=0,"",IF(OR(A19="",NOT(ISNUMBER(B19)),B19<=说明与范围!$B$5,B19>说明与范围!$B$7,C19<>说明与范围!$B$11,NOT(ISNUMBER(D19)),NOT(ISNUMBER(E19)),D19<0,E19<0,AND(D19>0,E19>0),AND(F19<>"已入账",F19<>"未入账"),G19="",H19<>"已核",COUNTIF($A$6:$A$35,A19)>1),"待核","通过"))
I20: =IF(COUNTA(A20:H20)=0,"",IF(OR(A20="",NOT(ISNUMBER(B20)),B20<=说明与范围!$B$5,B20>说明与范围!$B$7,C20<>说明与范围!$B$11,NOT(ISNUMBER(D20)),NOT(ISNUMBER(E20)),D20<0,E20<0,AND(D20>0,E20>0),AND(F20<>"已入账",F20<>"未入账"),G20="",H20<>"已核",COUNTIF($A$6:$A$35,A20)>1),"待核","通过"))
... I35: =IF(COUNTA(A35:H35)=0,"",IF(OR(A35="",NOT(ISNUMBER(B35)),B35<=说明与范围!$B$5,B35>说明与范围!$B$7,C35<>说明与范围!$B$11,NOT(ISNUMBER(D35)),NOT(ISNUMBER(E35)),D35<0,E35<0,AND(D35>0,E35>0),AND(F35<>"已入账",F35<>"未入账"),G35="",H35<>"已核",COUNTIF($A$6:$A$35,A35)>1),"待核","通过"))

Sheet 时点桥接
A1: 时点桥接 仓库盘点统一时点核对
A2: 灰蓝色为公式。差异=同一时点实物量-应有量；负数为少、正数为多。只是数量复核，不自动调账。 | G2: 输入核对 | H2: =IF(OR(说明与范围!B10<>"已核齐",NOT(ISNUMBER(说明与范围!B5)),NOT(ISNUMBER(说明与范围!B6)),NOT(ISNUMBER(说明与范围!B7)),说明与范围!B6<说明与范围!B5,说明与范围!B7<说明与范围!B6,NOT(ISNUMBER(说明与范围!B8)),NOT(ISNUMBER(说明与范围!B9)),说明与范围!B8<0,说明与范围!B9<0,COUNTBLANK(说明与范围!B11:B16)>0,说明与范围!B17<>"kg",COUNTIF(业务流水!I6:I35,"待核")>0),"待核","通过") -> 通过
A5: 底表快照数量 kg | B5: =IF($H$2<>"通过","待核",说明与范围!B8) -> 200 | D5: T0前：旧快照+实际入-实际出。这里是业务重建应有量，不是ERP实时余额；未入账单据另补证，不直接当作损耗。
A6: 快照至T0实际入 kg | B6: =IF($H$2<>"通过","待核",SUMIFS(业务流水!D6:D35,业务流水!B6:B35,">"&说明与范围!B5,业务流水!B6:B35,"<="&说明与范围!B6,业务流水!C6:C35,说明与范围!B11)) -> 60
A7: 快照至T0实际出 kg | B7: =IF($H$2<>"通过","待核",SUMIFS(业务流水!E6:E35,业务流水!B6:B35,">"&说明与范围!B5,业务流水!B6:B35,"<="&说明与范围!B6,业务流水!C6:C35,说明与范围!B11)) -> 40
A8: T0应有量 kg | B8: =IF($H$2<>"通过","待核",B5+B6-B7) -> 220
A10: 实点时刻数量 kg | B10: =IF($H$2<>"通过","待核",说明与范围!B9) -> 195 | D10: 回推T0：晚时点实点-其间入+其间出。若发生加工、拆包、跨批或状态转换，要先补转换记录，不能只按加减库存硬套。
A11: T0后至实点入 kg | B11: =IF($H$2<>"通过","待核",SUMIFS(业务流水!D6:D35,业务流水!B6:B35,">"&说明与范围!B6,业务流水!B6:B35,"<="&说明与范围!B7,业务流水!C6:C35,说明与范围!B11)) -> 0
A12: T0后至实点出 kg | B12: =IF($H$2<>"通过","待核",SUMIFS(业务流水!E6:E35,业务流水!B6:B35,">"&说明与范围!B6,业务流水!B6:B35,"<="&说明与范围!B7,业务流水!C6:C35,说明与范围!B11)) -> 15
A13: 回推T0实物量 kg | B13: =IF($H$2<>"通过","待核",B10-B11+B12) -> 210
A15: 正确差异 kg | B15: =IF($H$2<>"通过","待核",B13-B8) -> -10 | D15: -10kg只说明同口径数量少，不证明偷盗、报损或某人责任。先复点和查单，不能为了把账调平直接批准核销。
A16: 错误旧账比较 勿用 | B16: =IF($H$2<>"通过","待核",B13-B5) -> 10
A17: 处置状态 | B17: =IF($H$2<>"通过","待核",IF(B15=0,"数量一致仍须核证","待复核 不自动调账")) -> 待复核 不自动调账
A19: 实点时刻应有量 kg | B19: =IF($H$2<>"通过","待核",B8+B11-B12) -> 205
A20: 桥接守恒检查 | B20: =IF($H$2<>"通过","待核",IF(ABS(B15-(B10-B19))<0.000001,"一致","不一致")) -> 一致

Sheet 复核记录
A1: 复核记录 仓库盘点统一时点核对
A2: 原始差异、复点结果、单据纠错与审批结论分开留痕。未审不等于批准；本模板不向ERP写入任何调整。
A5: 问题ID | B5: 范围ID | C5: 初始差异kg | D5: 复点时刻 | E5: 复点数量kg | F5: 原因证据/单号 | G5: 责任人 | H5: 审批状态 | I5: 结论/后续
A6: Q001 | B6: S1 | C6: -10 | D6: 待填写 | E6: 待填写 | F6: 待核原因，不预判 | G6: 待指定 | H6: 未审批 | I6: 先同口径复点/查单
